0,Published,Link,Title,Snippet
1,08/02/20 04:00 PM EDT,https://thehill.com/opinion/white-house/510207-how-donald-trump-can-raise-his-political-game-against-joe-biden,How Donald Trump can raise his political game against Joe Biden,
2,08/02/20 12:00 PM EDT,https://thehill.com/opinion/international/510165-president-trump-should-think-twice-about-pulling-troops-from-germany,President Trump should think twice about pulling troops from Germany,
3,07/31/20 04:30 PM EDT,https://thehill.com/opinion/campaign/509978-recasting-how-we-cast-votes,Recasting how we cast votes,
4,07/31/20 10:00 AM EDT,https://thehill.com/opinion/national-security/509930-america-must-be-serious-with-russian-election-interference,America must be serious with Russian election interference,
5,07/30/20 11:00 AM EDT,https://thehill.com/opinion/national-security/509751-congress-must-use-its-tools-to-influence-the-decisions-of-war,Congress must use its tools to influence the decisions of war,
6,07/29/20 02:00 PM EDT,https://thehill.com/opinion/campaign/509573-joe-biden-is-the-candidate-for-israel,Joe Biden is the candidate for Israel,
7,07/29/20 10:00 AM EDT,https://thehill.com/opinion/judiciary/509527-democrats-failed-to-make-case-in-bizarre-hearing-with-william-barr,Democrats failed to make case in bizarre hearing with William Barr,
8,07/28/20 06:00 PM EDT,https://thehill.com/opinion/international/509403-why-religious-freedom-is-special,Why religious freedom is special,
9,07/28/20 11:00 AM EDT,https://thehill.com/opinion/technology/509341-hong-kong-spotlights-why-china-cannot-be-trusted-on-technology,Hong Kong spotlights why China cannot be trusted on technology,
10,07/26/20 06:00 PM EDT,https://thehill.com/opinion/national-security/509099-american-voters-deserve-facts-on-outside-influence-on-this-election,American voters deserve facts on outside influence on this election,
11,07/25/20 10:00 AM EDT,https://thehill.com/opinion/white-house/509002-more-willful-blindness-by-the-media-on-spying-by-obama-administration,More willful blindness by the media on spying by Obama administration,
12,07/24/20 04:00 PM EDT,https://thehill.com/opinion/campaign/508928-america-has-to-be-ready-for-mail-voting-to-avert-an-election-crisis,America has to be ready for mail voting to avert an election crisis,
13,07/23/20 05:00 PM EDT,https://thehill.com/opinion/campaign/508687-democrats-are-now-the-riot-party,Democrats are now the riot party,
14,07/23/20 03:00 PM EDT,https://thehill.com/opinion/energy-environment/508725-congress-must-end-blank-check-to-use-on-government-farm-subsidies,Congress must end blank check to use on government farm subsidies,
15,07/23/20 11:00 AM EDT,https://thehill.com/opinion/international/508662-latin-america-needs-economic-reforms-that-advance-business,Latin America needs economic reforms that advance business,
16,07/22/20 02:00 PM EDT,https://thehill.com/opinion/civil-rights/508515-my-broadway-debut-with-john-lewis,My broadway debut with John Lewis,
0,07/21/20 07:00 PM EDT,https://thehill.com/opinion/civil-rights/508386-the-great-legacy-of-john-lewis,The great legacy of John Lewis,
1,07/20/20 11:00 AM EDT,https://thehill.com/opinion/healthcare/508070-republican-governors-are-failing-with-their-coronavirus-responses,Republican governors are failing with their coronavirus responses,
2,07/19/20 07:00 PM EDT,https://thehill.com/opinion/campaign/508041-why-steve-bannon-would-fuel-donald-trump-toward-victory,Why Steve Bannon would fuel Donald Trump toward victory,
3,07/19/20 12:00 PM EDT,https://thehill.com/opinion/campaign/508017-why-this-campaign-shakeup-will-not-steady-the-ship-for-president-trump,Why this campaign shakeup will not steady the ship for President Trump,
4,07/18/20 10:00 AM EDT,https://thehill.com/opinion/civil-rights/507941-how-real-is-reverse-discrimination,How real is reverse discrimination?,
5,07/17/20 04:00 PM EDT,https://thehill.com/opinion/immigration/507853-why-america-has-to-avoid-amnesty,Why America has to avoid amnesty,
6,07/16/20 11:00 AM EDT,https://thehill.com/opinion/campaign/507643-america-has-to-count-on-more-than-prayer-in-the-case-of-close-election,America has to count on more than prayer in the case of close election,
7,07/15/20 02:00 PM EDT,https://thehill.com/opinion/international/507472-authoritarianism-wins-once-more,Authoritarianism wins once more,
8,07/14/20 07:00 PM EDT,https://thehill.com/opinion/campaign/507309-sexism-affects-voting-and-puts-joe-biden-in-bind-for-his-vice-president,Sexism affects voting and puts Joe Biden in bind for his vice president,
9,07/14/20 02:00 PM EDT,https://thehill.com/opinion/campaign/507239-asian-americans-and-all-people-of-color-need-the-right-to-mail-voting,Asian Americans and all people of color need the right to mail voting,
10,07/13/20 07:00 PM EDT,https://thehill.com/opinion/white-house/507097-democratic-task-force-miles-behind-donald-trump-in-the-campaign-trail,Democratic task force miles behind Donald Trump in the campaign trail,
11,07/12/20 07:00 PM EDT,https://thehill.com/opinion/campaign/506976-can-democrats-dominate-this-fall,Can Democrats dominate this fall?,
12,07/10/20 07:00 PM EDT,https://thehill.com/opinion/international/506820-can-iraq-win-the-war-on-corruption,Can Iraq win the war on corruption?,
13,07/10/20 10:00 AM EDT,https://thehill.com/opinion/campaign/506715-2020-is-the-last-chance-for-fair-maps,2020 is the last chance for fair maps,
14,07/09/20 07:00 PM EDT,https://thehill.com/opinion/technology/506664-coronavirus-unveils-the-digital-divide-in-our-education-system,Coronavirus unveils the digital divide in our education system,
15,07/09/20 02:00 PM EDT,https://thehill.com/opinion/judiciary/506555-joe-biden-presidency-will-bring-disaster-for-the-supreme-court,Joe Biden presidency will bring disaster for the Supreme Court,
0,07/08/20 02:00 PM EDT,https://thehill.com/opinion/campaign/506387-congress-must-act-to-protect-the-legitimacy-of-the-election-this-fall,Congress must act to protect the legitimacy of the election this fall,
1,07/08/20 10:00 AM EDT,https://thehill.com/opinion/white-house/506335-will-donald-trump-use-statues-to-divide-the-nation-in-the-election,Will Donald Trump use statues to divide the nation in the election?,
2,07/07/20 06:30 PM EDT,https://thehill.com/opinion/white-house/506257-down-with-confederate-monuments-up-with-the-stars,"Down with Confederate monuments, 'up with the stars'",
3,07/06/20 10:00 AM EDT,https://thehill.com/opinion/judiciary/505965-justice-roberts-plays-the-long-game,Justice Roberts plays the long game,
4,07/05/20 07:00 PM EDT,https://thehill.com/opinion/finance/505944-americans-leave-large-cities-for-suburban-areas-and-rural-towns,Americans leave large cities for suburban areas and rural towns,
5,07/04/20 10:00 AM EDT,https://thehill.com/opinion/white-house/505849-the-myth-of-the-boston-tea-party,The myth of the Boston Tea Party,
6,07/03/20 07:00 PM EDT,https://thehill.com/opinion/white-house/505820-can-republicans-handle-the-aftermath-of-donald-trump,Can Republicans handle the aftermath of Donald Trump?,
7,07/02/20 01:00 PM EDT,https://thehill.com/opinion/campaign/505619-the-politics-of-masks-from-copernicus-to-climate-change-to-coronavirus,The politics of masks: From Copernicus to climate change to coronavirus,
8,07/02/20 10:00 AM EDT,https://thehill.com/opinion/campaign/505597-women-must-continue-to-persist-to-rise-as-political-leaders-of-america,Women must continue to persist to rise as political leaders of America,
9,07/01/20 07:00 PM EDT,https://thehill.com/opinion/civil-rights/505489-the-truth-about-karens,The truth about Karens,
10,07/01/20 02:00 PM EDT,https://thehill.com/opinion/campaign/505433-democratic-leaders-are-much-more-progressive-than-you-might-believe,Democratic leaders are much more progressive than you might believe,
11,06/30/20 06:00 PM EDT,https://thehill.com/opinion/international/505312-joe-biden-must-think-about-the-transatlantic-alliance-if-he-wins,Joe Biden must think about the transatlantic alliance if he wins,
12,06/29/20 02:00 PM EDT,https://thehill.com/opinion/international/505038-how-america-can-win-the-great-power-competition-with-russia,How America can win the great power competition with Russia,
13,06/28/20 09:00 PM EDT,https://thehill.com/opinion/national-security/504943-black-lives-matter-as-a-national-security-imperative,Black Lives Matter as a national security imperative,
14,06/28/20 08:00 PM EDT,https://thehill.com/opinion/judiciary/504945-president-trump-tries-to-cover-his-tracks-by-attacking-the-rule-of-law,President Trump tries to cover his tracks by attacking the rule of law,
15,06/28/20 12:00 PM EDT,https://thehill.com/opinion/white-house/504911-president-trump-faces-hurdles-and-opportunities-after-primary-results,President Trump faces hurdles and opportunities after primary results,
0,06/26/20 02:00 PM EDT,https://thehill.com/opinion/campaign/504732-joe-biden-has-shot-at-victory-but-democrats-must-fuel-momentum,Joe Biden has shot at victory but Democrats must fuel momentum,
1,06/25/20 08:00 AM EDT,https://thehill.com/opinion/judiciary/504456-how-the-nation-can-fight-corruption,How the nation can fight corruption,
2,06/24/20 06:00 PM EDT,https://thehill.com/opinion/international/504392-the-next-steps-in-libya,The next steps in Libya,
3,06/21/20 12:00 PM EDT,https://thehill.com/opinion/white-house/503769-could-the-john-bolton-book-move-political-needle-on-donald-trump,Could the John Bolton book move political needle on Donald Trump?,
4,06/17/20 06:00 PM EDT,https://thehill.com/opinion/civil-rights/503246-this-national-reckoning-is-overdue,This national reckoning is overdue,
5,06/16/20 04:00 PM EDT,https://thehill.com/opinion/campaign/502978-how-to-make-sure-each-vote-counts,How to make sure each vote counts,
6,06/15/20 11:00 AM EDT,https://thehill.com/opinion/judiciary/502712-how-congress-can-end-qualified-immunity-to-provide-civil-justice,How Congress can end qualified immunity to provide civil justice,
7,06/14/20 06:00 PM EDT,https://thehill.com/opinion/campaign/502677-how-the-end-of-lockdown-will-hurt-joe-biden-amid-the-campaign-trail,How the end of lockdown will hurt Joe Biden amid the campaign trail,
8,06/12/20 06:00 PM EDT,https://thehill.com/opinion/finance/502506-federal-reserve-holds-power-beyond-what-we-can-imagine,Federal Reserve holds power beyond what we can imagine,
9,06/10/20 08:00 AM EDT,https://thehill.com/opinion/campaign/501997-democrats-have-to-get-better-than-ever-as-joe-biden-leads-in-the-polls,Democrats have to get better than ever as Joe Biden leads in the polls,
10,06/07/20 10:30 AM EDT,https://thehill.com/opinion/finance/501522-as-the-economy-recovers-republicans-and-democrats-will-play-different-roles,"As the economy recovers, Republicans and Democrats will play different roles",
11,06/05/20 08:30 PM EDT,https://thehill.com/opinion/campaign/501402-putting-the-progressive-movement-to-work-from-home,Putting the progressive movement to work from home,
12,06/05/20 10:00 AM EDT,https://thehill.com/opinion/judiciary/501292-justice-roberts-assists-states-with-second-wave-of-emergency-orders,Justice Roberts assists states with second wave of emergency orders,
13,06/04/20 04:00 PM EDT,https://thehill.com/opinion/healthcare/501168-how-to-prevent-second-wave-of-coronavirus-cases-for-new-york,How to prevent second wave of coronavirus cases for New York,
14,06/03/20 06:00 PM EDT,https://thehill.com/opinion/international/501012-time-for-smart-leaders-to-come-forward-on-relations-with-china,Time for smart leaders to come forward on relations with China,
0,06/02/20 04:00 PM EDT,https://thehill.com/opinion/civil-rights/500732-america-has-to-rebuild-democracy-amid-recovery-from-national-crisis,America has to rebuild democracy amid recovery from national crisis,
1,06/01/20 08:00 AM EDT,https://thehill.com/opinion/civil-rights/500407-where-is-rosa-parks-when-we-need-her-as-an-example-for-the-country,Where is Rosa Parks when we need her as an example for the country?,
2,05/31/20 10:00 AM EDT,https://thehill.com/opinion/campaign/500311-donald-trump-and-joe-biden-create-different-narratives-for-the-election,Donald Trump and Joe Biden create different narratives for the election,
3,05/28/20 01:00 PM EDT,https://thehill.com/opinion/campaign/499911-joe-biden-has-uncertain-road-to-presidency-across-swing-states,Joe Biden has uncertain road to presidency across swing states,
4,05/27/20 02:29 PM EDT,https://thehill.com/hilltv/what-americas-thinking/499771-poll-voters-list-a-corrupt-political-establishment-as-a-bigger,"Poll: Voters list a corrupt political establishment as a 'big problem' over healthcare, gun violence",
5,05/24/20 10:00 AM EDT,https://thehill.com/opinion/international/499341-why-withdrawal-from-open-skies-harms-national-security-interests,Why withdrawal from Open Skies harms national security interests,
6,05/22/20 05:00 PM EDT,https://thehill.com/opinion/civil-rights/499217-americans-will-vote-for-their-lives,Americans will vote for their lives,
7,05/16/20 10:00 AM EDT,https://thehill.com/opinion/campaign/498111-why-donald-trump-could-thank-the-media-if-he-wins-reelection-this-fall,Why Donald Trump could thank the media if he wins reelection this fall,
8,05/14/20 10:00 AM EDT,https://thehill.com/opinion/white-house/497711-the-unmasking-of-joe-biden,The unmasking of Joe Biden,
9,05/04/20 07:00 PM EDT,https://thehill.com/opinion/campaign/496041-joe-biden-makes-mistake-with-new-world-health-organization-pledge,Joe Biden makes mistake with new World Health Organization pledge,
10,05/04/20 10:00 AM EDT,https://thehill.com/opinion/civil-rights/495924-how-to-protect-the-right-to-vote,How to protect the right to vote,
11,05/02/20 10:00 AM EDT,https://thehill.com/opinion/civil-rights/495788-the-dangerous-liberal-ideas-for-censorship-in-the-united-states,The dangerous liberal ideas for censorship in the United States,
12,04/30/20 01:00 PM EDT,https://thehill.com/opinion/campaign/495458-joe-biden-should-choose-an-african-american-woman-for-winning-ticket,Joe Biden should choose an African American woman for winning ticket,
13,04/26/20 02:00 PM EDT,https://thehill.com/opinion/campaign/494718-president-trump-faces-a-major-hurdle-with-swing-state-voters,President Trump faces a major hurdle with swing state voters,
14,04/25/20 10:00 AM EDT,https://thehill.com/opinion/campaign/494632-joe-biden-fuels-election-conspiracy-theory-while-the-media-keeps-quiet,Joe Biden fuels election conspiracy theory while the media keeps quiet,
15,04/24/20 08:00 PM EDT,https://thehill.com/opinion/white-house/494582-the-perils-of-incrementalism,The perils of incrementalism,
0,04/22/20 07:00 PM EDT,https://thehill.com/opinion/campaign/494181-what-will-bernie-sanders-voters-decide-in-the-election-this-year,What will Bernie Sanders voters decide in the election this year?,
1,04/22/20 01:00 PM EDT,https://thehill.com/opinion/campaign/494098-is-joe-biden-breaking-through,Is Joe Biden breaking through?,
2,04/16/20 10:00 AM EDT,https://thehill.com/opinion/judiciary/493101-who-takes-control-if-there-is-no-presidential-election-this-year,Who takes control if there is no presidential election this year?,
3,04/15/20 06:00 PM EDT,https://thehill.com/opinion/campaign/493004-how-congress-must-aid-states-to-ensure-safe-and-secure-elections,How Congress must aid states to ensure safe and secure elections,
4,04/14/20 02:00 PM EDT,https://thehill.com/opinion/campaign/492721-a-call-to-elizabeth-warren-to-resume-her-candidacy-for-the-2020-election,A call to Elizabeth Warren to resume her candidacy for the 2020 election,
5,04/09/20 06:00 PM EDT,https://thehill.com/opinion/campaign/492087-congress-must-assure-public-health-and-democracy-are-secured-this-fall,Congress must assure public health and democracy are secured this fall,
6,04/07/20 12:00 PM EDT,https://thehill.com/opinion/technology/490796-why-we-must-learn-to-make-technology-a-choice,Why we must learn to make technology a choice,
7,04/02/20 09:00 AM EDT,https://thehill.com/opinion/international/490683-latin-america-the-next-coronavirus-hotspot,Latin America — the next coronavirus hotspot?,
8,04/01/20 12:00 PM EDT,https://thehill.com/opinion/campaign/490543-why-andrew-cuomo-makes-waves,Why Andrew Cuomo makes waves,
9,03/31/20 04:00 PM EDT,https://thehill.com/opinion/campaign/490424-can-democracy-by-mail-save-2020,Can democracy by mail save 2020?,
10,03/25/20 10:00 AM EDT,https://thehill.com/opinion/judiciary/489399-congress-moves-to-end-its-crisis-over-insider-trading-on-outbreak,Congress moves to end its crisis over insider trading on outbreak,
11,03/18/20 08:00 PM EDT,https://thehill.com/opinion/white-house/488351-president-trump-calls-on-us-to-follow-traditions-and-protect-fellow-citizens,President Trump calls on us to follow traditions and protect fellow citizens,
12,03/17/20 06:30 PM EDT,https://thehill.com/opinion/white-house/488115-the-pelosi-administration,The Pelosi administration,
13,03/15/20 04:00 PM EDT,https://thehill.com/opinion/campaign/487677-president-trump-faces-hard-tests-from-democrats-and-coronavirus,President Trump faces hard tests from Democrats and coronavirus,
14,03/11/20 08:00 PM EDT,https://thehill.com/opinion/campaign/487148-bernie-sanders-must-set-his-legacy,Bernie Sanders must set his legacy,
15,03/11/20 06:00 PM EDT,https://thehill.com/opinion/white-house/487061-in-a-divided-america-misery-is-looking-for-company,"In a divided America, misery is looking for company",
0,03/08/20 06:00 PM EDT,https://thehill.com/opinion/campaign/486525-now-democrats-must-battle-a-monster-of-their-own-creation,Now Democrats must battle a monster of their own creation,
1,03/04/20 06:00 PM EST,https://thehill.com/opinion/healthcare/486015-america-needs-paid-sick-leave-laws-to-stop-coronavirus-from-spreading,America needs paid sick leave laws to stop coronavirus from spreading,
2,03/02/20 04:00 PM EST,https://thehill.com/opinion/campaign/485530-can-this-joe-biden-comeback-last,Can this Joe Biden comeback last?,
3,02/28/20 04:00 PM EST,https://thehill.com/opinion/campaign/485187-presidential-candidates-should-focus-on-fixing-broken-systems,Presidential candidates should focus on fixing broken systems,
4,02/27/20 04:00 PM EST,https://thehill.com/opinion/energy-environment/485009-an-american-way-to-tackle-climate-change-and-battle-global-warming,An American way to tackle climate change and battle global warming,
5,02/24/20 06:00 PM EST,https://thehill.com/opinion/white-house/484400-liberals-are-now-starting-to-think-donald-trump-will-win-once-more,Liberals are now starting to think Donald Trump will win once more,
6,02/23/20 06:00 PM EST,https://thehill.com/opinion/finance/484285-how-the-23-trillion-debt-crisis-in-america-affects-your-own-money,How the $23 trillion debt crisis in America affects your own money,
7,02/18/20 04:00 PM EST,https://thehill.com/opinion/international/483511-a-new-strategy-for-central-asia,A new strategy for Central Asia,
8,02/18/20 02:00 PM EST,https://thehill.com/opinion/campaign/483480-what-happens-during-a-contested-democratic-national-convention,What happens during a contested Democratic National Convention?,
9,02/11/20 07:00 PM EST,https://thehill.com/opinion/white-house/482615-impeachment-is-not-over-until-americans-vote-in-the-election,Impeachment is not over until Americans vote in the election,
10,02/11/20 06:00 PM EST,https://thehill.com/opinion/judiciary/482562-why-the-time-has-finally-come-to-ratify-equal-rights-amendment,Why the time has finally come to ratify Equal Rights Amendment,
11,02/11/20 01:00 PM EST,https://thehill.com/opinion/finance/482527-more-workers-need-to-join-the-labor-force-to-keep-the-economy-growing,More workers need to join the labor force to keep the economy growing,
12,02/10/20 06:00 PM EST,https://thehill.com/opinion/white-house/482403-president-trump-has-now-shown-americans-he-knows-who-we-are,President Trump has now shown Americans he knows who we are,
13,02/09/20 04:00 PM EST,https://thehill.com/opinion/campaign/482231-what-the-republican-victory-lap-means-for-the-democratic-party,What the Republican victory lap means for the Democratic Party,
14,02/04/20 05:23 PM EST,https://thehill.com/homenews/administration/481479-crew-files-hatch-act-complaint-against-kushner,Watchdog group files Hatch Act complaint against Kushner,
15,02/03/20 06:00 PM EST,https://thehill.com/opinion/campaign/481242-why-the-2020-winning-ticket-includes-michael-bloomberg,Why the 2020 winning ticket includes Michael Bloomberg,
0,01/29/20 06:00 PM EST,https://thehill.com/opinion/judiciary/480531-why-the-ukraine-effort-by-donald-trump-was-not-business-as-usual,Why the Ukraine effort by Donald Trump was not business as usual,
1,01/22/20 06:00 PM EST,https://thehill.com/opinion/international/479423-a-new-era-in-russia-will-allow-america-to-rethink-its-policy,A new era in Russia will allow America to rethink its policy,
2,01/20/20 08:00 AM EST,https://thehill.com/opinion/international/479006-vladimir-putin-will-not-be-president-for-life-but-he-is-sure-to-have,Vladimir Putin will not be president for life but he is sure to have power,
3,01/16/20 04:00 PM EST,https://thehill.com/opinion/national-security/478631-why-congress-is-not-serious-about-the-war-powers-in-the-constitution,Why Congress is not serious about the war powers in the Constitution,
4,01/13/20 08:30 AM EST,https://thehill.com/opinion/finance/477923-a-gop-led-edge-red-states-see-less-unemployment-more-economic-growth,"A GOP-led edge: Red states see less unemployment, more economic growth",
5,12/26/19 10:00 AM EST,https://thehill.com/opinion/civil-rights/475941-americans-want-civility-in-politics,Americans want civility in politics,
6,12/20/19 06:00 PM EST,https://thehill.com/opinion/campaign/475538-pete-buttigieg-won-the-last-debate-but-can-he-actually-beat-joe-biden,"Pete Buttigieg won the last debate, but can he actually beat Joe Biden?",
7,12/16/19 06:00 PM EST,https://thehill.com/opinion/campaign/474646-is-nancy-pelosi-tossing-aside-her-legacy-thanks-to-impeachment,Is Nancy Pelosi tossing aside her legacy thanks to impeachment?,
8,12/06/19 06:00 PM EST,https://thehill.com/opinion/campaign/473446-the-latest-election-takeover-attempt,The latest election takeover attempt,
9,12/02/19 04:00 PM EST,https://thehill.com/opinion/international/472613-why-the-western-balkans-still-matter,Why the Western Balkans still matter,
10,11/28/19 10:00 AM EST,https://thehill.com/opinion/civil-rights/472368-even-during-times-of-strife-americans-can-give-thanks,"Even during times of strife, Americans can give thanks",
11,11/28/19 07:00 AM EST,https://thehill.com/opinion/white-house/472164-thanksgiving-in-2019-lets-put-our-differences-aside,Thanksgiving in 2019: Let's put our differences aside,
12,11/26/19 05:00 PM EST,https://thehill.com/opinion/white-house/472155-why-america-needed-donald-trump,Why America needed Donald Trump,
13,11/25/19 07:00 PM EST,https://thehill.com/opinion/campaign/471986-why-democrats-are-not-actually-serious-about-uniting-the-nation,Why Democrats are not actually serious about uniting the nation,
14,11/25/19 12:37 PM EST,https://thehill.com/policy/energy-environment/471912-majority-believe-us-government-is-doing-too-little-to-fight-climate,Majority believe US government is doing 'too little' to fight climate change: study,
15,11/20/19 07:00 PM EST,https://thehill.com/opinion/campaign/471349-pete-buttigieg-has-now-lost-all-confidence-from-black-voters,Pete Buttigieg has now lost all confidence from black voters,
0,11/18/19 07:00 PM EST,https://thehill.com/opinion/white-house/470936-adam-schiff-is-just-blowing-smoke-with-witness-intimidation-bluster,Adam Schiff is just blowing smoke with 'witness intimidation' bluster,
1,11/16/19 10:00 AM EST,https://thehill.com/opinion/judiciary/470768-now-for-your-moment-of-zen-from-the-trump-impeachment-hearings,Now for your moment of Zen from the Trump impeachment hearings,
2,11/15/19 07:00 PM EST,https://thehill.com/opinion/campaign/470711-what-are-democrats-going-to-do-once-donald-trump-leaves-office,What are Democrats going to do once Donald Trump leaves office?,
3,11/14/19 07:00 PM EST,https://thehill.com/opinion/campaign/470548-what-are-republicans-going-to-do-after-donald-trump-leaves-office,What are Republicans going to do after Donald Trump leaves office?,
4,11/12/19 12:00 PM EST,https://thehill.com/opinion/campaign/470027-all-americans-lose-with-partisan-attacks-on-the-electoral-process,All Americans lose with partisan attacks on the electoral process,
5,11/12/19 09:07 AM EST,https://thehill.com/policy/cybersecurity/470016-brennan-center-calls-for-certification-of-companies-that-make-voting,Brennan Center calls for certification of companies that make voting equipment,
6,11/06/19 08:00 AM EST,https://thehill.com/opinion/campaign/468637-language-is-a-weapon-in-political-warfare-if-the-media-play-along,Language is a weapon in political warfare — if the media play along,
7,10/29/19 01:00 PM EDT,https://thehill.com/opinion/white-house/467903-why-melania-trump-is-poised-to-have-a-great-legacy-as-first-lady,Why Melania Trump is poised to have a great legacy as first lady,
8,10/28/19 02:00 PM EDT,https://thehill.com/opinion/international/467745-why-corporate-america-needs-to-have-a-code-of-conduct-for-china,Why corporate America needs to have a code of conduct for China,
9,10/27/19 07:00 PM EDT,https://thehill.com/opinion/campaign/467637-the-ship-has-sailed-for-michael-bloomberg-and-hillary-clinton,The ship has sailed for Michael Bloomberg and Hillary Clinton,
10,10/20/19 06:00 PM EDT,https://thehill.com/opinion/finance/466648-red-states-are-the-economic-future,Red states are the economic future,
11,10/18/19 02:00 PM EDT,https://thehill.com/opinion/international/466454-boris-johnson-cannot-afford-defeat-on-the-new-brexit-deal-with-europe,Boris Johnson cannot afford defeat on the new Brexit deal with Europe,
12,10/17/19 06:00 PM EDT,https://thehill.com/opinion/international/466376-the-state-of-the-global-economy,The state of the global economy,
13,10/15/19 12:30 PM EDT,https://thehill.com/opinion/campaign/465853-a-democrat-and-a-republican-ask-can-we-be-friends-again,"A Democrat and a Republican ask, 'Can we be friends again?'",
14,10/06/19 02:00 PM EDT,https://thehill.com/opinion/campaign/463753-pulling-out-of-polarization,Pulling out of polarization,
15,10/01/19 09:30 AM EDT,https://thehill.com/opinion/international/463646-want-to-prevail-against-china-prioritize-democracy-assistance,Want to prevail against China? Prioritize democracy assistance,
0,09/30/19 02:00 PM EDT,https://thehill.com/opinion/campaign/463669-how-to-fix-political-dysfunction,How to fix political dysfunction,
1,09/27/19 04:00 PM EDT,https://thehill.com/opinion/campaign/463424-why-president-trump-will-enjoy-success-with-hispanics-in-2020,Why President Trump will enjoy success with Hispanics in 2020,
2,09/24/19 06:00 PM EDT,https://thehill.com/opinion/judiciary/462873-senate-confirmation-drama-highlights-media-hypocrisy,Senate confirmation drama highlights media hypocrisy,
3,09/21/19 10:00 AM EDT,https://thehill.com/opinion/white-house/462445-ukraine-could-badly-damage-both-donald-trump-and-the-democrats,Ukraine could badly damage both Donald Trump and the Democrats,
4,09/16/19 03:00 PM EDT,https://thehill.com/opinion/judiciary/461594-latest-brett-kavanaugh-media-report-is-pure-partisan-malice,Latest Brett Kavanaugh media 'report' is pure partisan malice,
5,09/13/19 06:30 PM EDT,https://thehill.com/opinion/healthcare/461365-the-crosshairs-of-extremism,The crosshairs of extremism ,
6,09/13/19 06:00 PM EDT,https://thehill.com/opinion/international/461364-russians-tune-out-vladimir-putin,Russians tune out Vladimir Putin,
7,09/06/19 03:00 PM EDT,https://thehill.com/opinion/campaign/460273-mitch-mcconnell-must-get-the-senate-to-secure-our-elections,Mitch McConnell must get the Senate to secure our elections,
8,09/05/19 12:30 PM EDT,https://thehill.com/opinion/civil-rights/460090-the-nra-as-a-terrorist-organization-san-francisco-took-one-step-too-far,The NRA as a terrorist organization? San Francisco took one step too far,
9,09/03/19 06:30 PM EDT,https://thehill.com/opinion/international/459743-what-mattis-gets-wrong-alliances-also-need-rebuilding-at-home,What Mattis gets wrong: Alliances also need rebuilding at home,
10,09/01/19 06:00 PM EDT,https://thehill.com/opinion/finance/459592-why-does-new-york-city-lose-more-residents-than-the-rest-of-america,Why does New York City lose more residents than the rest of America?,
11,08/31/19 10:00 AM EDT,https://thehill.com/opinion/education/459520-the-twisted-way-educators-are-seeking-diversity-in-education,The twisted way educators are seeking diversity in education,
12,08/23/19 04:00 PM EDT,https://thehill.com/opinion/campaign/458592-democrats-should-stop-infighting-and-start-attacking-donald-trump,Democrats should stop infighting and start attacking Donald Trump,
13,08/20/19 10:15 AM EDT,https://thehill.com/opinion/campaign/458064-the-exhaustion-of-democrats-anti-trump-delusions,The exhaustion of Democrats' anti-Trump delusions,
14,08/20/19 10:00 AM EDT,https://thehill.com/opinion/finance/457992-congress-must-rethink-the-debt-limit,Congress must rethink the debt limit,
15,08/18/19 10:00 AM EDT,https://thehill.com/opinion/campaign/457847-joe-biden-faces-an-uncertain-path,Joe Biden faces an uncertain path,
0,08/15/19 03:00 PM EDT,https://thehill.com/opinion/international/457580-banning-omar-and-tlaib-will-greatly-damage-american-israeli-relations,Banning Omar and Tlaib will greatly damage American-Israeli relations,
1,08/15/19 10:00 AM EDT,https://thehill.com/opinion/national-security/457451-politics-must-stop-at-the-edge-of-intelligence-for-sake-of-security,Politics must stop at the edge of intelligence for sake of security,
2,08/13/19 01:00 PM EDT,https://thehill.com/opinion/white-house/457245-the-specter-of-steve-bannon-may-loom-over-2020-trump-campaign,The specter of Steve Bannon may loom over 2020 Trump campaign,
3,08/12/19 06:30 PM EDT,https://thehill.com/opinion/campaign/457162-politics-in-the-office-in-2019-get-ready-to-be-sued,Politics in the office in 2019 — get ready to be sued,
4,08/10/19 03:00 PM EDT,https://thehill.com/opinion/campaign,How voting becomes a habit,
5,08/09/19 04:00 PM EDT,https://thehill.com/opinion/finance/456887-why-senate-staffers-need-to-cut-legacy-riders-from-spending-bill,Why Senate staffers need to cut legacy riders from spending bill,
6,07/29/19 11:00 AM EDT,https://thehill.com/opinion/campaign/455141-good-people-with-bad-incentives,Good people with bad incentives,
7,07/28/19 06:00 PM EDT,https://thehill.com/opinion/campaign/455079-why-the-trump-tax-cuts-could-turn-into-a-problem-for-the-republicans,Why the Trump tax cuts could turn into a problem for the Republicans,
8,07/22/19 06:00 PM EDT,https://thehill.com/opinion/campaign/454178-trump-stands-to-win-big-as-the-democrats-turn-off-moderates,Trump stands to win big as the Democrats turn off moderates,
9,07/22/19 09:30 AM EDT,https://thehill.com/opinion/civil-rights/454029-in-europe-anti-semitism-is-back-from-the-masses-to-their-leaders,"In Europe, anti-Semitism is back, from the masses to their leaders",
10,07/18/19 02:30 PM EDT,https://thehill.com/opinion/campaign/453702-why-puerto-ricans-have-taken-to-the-streets-to-oust-their-governor,Why Puerto Ricans have taken to the streets to oust their governor,
11,07/15/19 03:00 PM EDT,https://thehill.com/opinion/campaign/453078-a-better-way-to-fix-gerrymandering-math,A better way to fix gerrymandering: math,
12,07/12/19 04:00 PM EDT,https://thehill.com/opinion/campaign/452844-eliminate-primary-elections-to-restore-our-strong-democracy,Eliminate primary elections to restore our strong democracy,
13,07/10/19 10:00 AM EDT,https://thehill.com/opinion/judiciary/452367-jeffrey-epstein-forces-washington-to-deal-with-embarrassing-connections,Jeffrey Epstein forces Washington to deal with embarrassing connections,
14,07/08/19 06:00 PM EDT,https://thehill.com/opinion/civil-rights/452011-american-women-can-have-it-all,American women can have it all,
15,07/04/19 12:00 PM EDT,https://thehill.com/opinion/campaign/451221-americans-must-get-mad-enough-to-reclaim-our-democracy,Americans must get mad enough to reclaim our democracy,
0,07/03/19 10:00 AM EDT,https://thehill.com/opinion/white-house/451486-dershowitz-author-michael-wolff-fictionalized-my-dinner-with-trump,Dershowitz: Author Michael Wolff fictionalized my dinner with Trump,
1,07/02/19 01:30 PM EDT,https://thehill.com/opinion/civil-rights/451378-how-to-respond-to-the-nike-flag-sneaker-recall-just-dont-buy-it,How to respond to the Nike flag sneaker recall: 'Just don't buy it',
2,06/26/19 11:00 AM EDT,https://thehill.com/opinion/campaign/450399-this-is-how-the-debates-will-play-out,This is how the debates will play out,
3,06/25/19 06:00 PM EDT,https://thehill.com/opinion/campaign/450314-candidates-need-to-debate-issues-that-will-make-our-nation-stronger,Candidates need to debate issues that will make our nation stronger,
4,06/21/19 06:00 PM EDT,https://thehill.com/opinion/finance/449791-washington-is-mum-as-nancy-pelosi-threatens-to-hold-debt-limit-hostage,Washington is mum as Nancy Pelosi threatens to hold debt limit hostage,
5,06/18/19 04:00 PM EDT,https://thehill.com/opinion/finance/449145-big-government-costs-the-little-guy,Big government costs the little guy,
6,06/15/19 10:00 AM EDT,https://thehill.com/opinion/judiciary/448711-oberlin-college-case-shows-how-universities-are-losing-their-way,Oberlin College case shows how universities are losing their way,
7,06/14/19 02:17 PM EDT,https://thehill.com/hilltv/what-americas-thinking/448585-poll-most-americans-say-celebrity-political-endorsements-have,Poll: Most voters say celebrity political endorsements don't matter,
8,06/13/19 12:00 PM EDT,https://thehill.com/opinion/campaign/448353-can-joe-biden-beat-donald-trump,Can Joe Biden beat Donald Trump?,
9,06/05/19 10:00 AM EDT,https://thehill.com/opinion/campaign/447032-deepfakes-are-latest-threat-to-american-democratic-system,Deepfakes are latest threat to American democratic system,
10,06/01/19 10:00 AM EDT,https://thehill.com/opinion/judiciary/446457-mueller-must-testify-publicly-to-answer-three-critical-questions,Mueller must testify publicly to answer three critical questions,
11,04/30/19 04:00 PM EDT,https://thehill.com/opinion/civil-rights/441395-why-the-old-equal-rights-amendment-is-not-viable,Why the old Equal Rights Amendment is not viable,
12,04/29/19 10:00 AM EDT,https://thehill.com/opinion/civil-rights/441112-dershowitz-anti-semitic-cartoons-anti-semitic-synagogue-shootings,"Dershowitz: Anti-Semitic cartoons, anti-Semitic synagogue shootings",
13,04/27/19 10:57 AM EDT,https://thehill.com/homenews/news/440952-nra-president-oliver-north-announced-he-will-not-run-for-reelection,NRA President Oliver North leaving gun rights group amid clash,
14,04/25/19 02:00 PM EDT,https://thehill.com/opinion/campaign/440645-never-underestimate-joe-biden,Never underestimate Joe Biden,
15,04/24/19 10:00 AM EDT,https://thehill.com/opinion/campaign/440375-this-is-the-joe-biden-you-rarely-see,This is the Joe Biden you rarely see,
0,04/24/19 09:00 AM EDT,https://thehill.com/opinion/white-house/440361-sarah-sanders-is-entitled-to-her-opinions-but-not-her-own-facts,"Sarah Sanders is entitled to her opinions, but not her own facts",
1,04/22/19 06:00 PM EDT,https://thehill.com/opinion/campaign/440052-nancy-pelosi-had-disastrous-first-100-days-as-speaker-of-the-house,Nancy Pelosi had disastrous first 100 days as Speaker of the House,
2,04/20/19 03:00 PM EDT,https://thehill.com/opinion/international/439755-reports-of-populisms-demise-were-premature,Predictions of populism's demise were premature,
3,04/18/19 12:30 PM EDT,https://thehill.com/opinion/judiciary/439531-mueller-report-resonates-whether-you-love-or-hate-president-trump,Mueller report proves key Trump advisers saved him from himself,
4,04/17/19 09:11 AM EDT,https://thehill.com/homenews/house/439256-trump-appears-alongside-ocasio-cortez-on-time-100-list,Trump appears alongside Ocasio-Cortez on Time 100 list,
5,04/16/19 02:48 PM EDT,https://thehill.com/hilltv/what-americas-thinking/439146-election-analyst-says-candidate-could-claim-no-religious,Election analyst says viable candidates could one day claim no religious identity,
6,04/15/19 04:00 PM EDT,https://thehill.com/opinion/civil-rights/438924-sheriffs-need-to-uphold-our-laws-rather-than-decide-what-they-are,"Sheriffs need to uphold our laws, rather than decide what they are",
7,04/14/19 10:00 AM EDT,https://thehill.com/opinion/judiciary/438800-william-barr-is-right-to-investigate-fbi-actions-during-2016-campaign,William Barr is right to investigate FBI actions during 2016 campaign,
8,04/13/19 10:00 AM EDT,https://thehill.com/opinion/judiciary/438745-trolling-of-bill-barr-shows-how-language-is-twisted-to-politics,Trolling of Bill Barr shows how language is twisted to politics,
9,04/11/19 04:02 PM EDT,https://thehill.com/hilltv/what-americas-thinking/438507-dem-pollster-says-female-candidates-viewed-more-negatively-on,Dem pollster says female candidates viewed more negatively on campaign trail,
10,04/11/19 01:00 PM EDT,https://thehill.com/opinion/international/438306-if-trump-and-moon-work-effectively-together-progress-towards-peace-can,"If Trump and Moon work effectively together, progress towards peace can resume",
11,04/09/19 06:00 PM EDT,https://thehill.com/opinion/international/438092-is-there-new-hope-in-algeria,Is there new hope in Algeria?,
12,04/09/19 09:15 AM EDT,https://thehill.com/opinion/campaign/437969-obama-had-it-right-a-circular-firing-squad-is-on-the-way,Obama had it right — a circular firing squad is on the way,
13,04/08/19 10:00 AM EDT,https://thehill.com/opinion/campaign/437803-donald-trump-has-broad-policy-agenda-needed-to-win-in-2020,Donald Trump has broad policy agenda needed to win in 2020,
14,04/03/19 12:00 PM EDT,https://thehill.com/opinion/white-house/437001-is-president-trump-a-relentless-character-on-game-of-thrones,Is President Trump a relentless character on Game of Thrones?,
15,04/01/19 06:00 PM EDT,https://thehill.com/opinion/white-house/436755-mueller-handed-democrats-their-next-line-of-attack-against-trump,Mueller handed Democrats their next line of attack against Trump,
0,03/07/19 06:30 PM EST,https://thehill.com/opinion/civil-rights/433137-criticism-of-israeli-policy-is-not-anti-semitism,Criticism of Israeli policy is not anti-Semitism,
1,03/06/19 06:00 PM EST,https://thehill.com/opinion/campaign/432915-next-american-president-should-have-this-important-qualification,Next American president should have this important qualification,
2,03/05/19 09:00 AM EST,https://thehill.com/opinion/civil-rights/432534-critics-of-americas-support-for-israel-cannot-escape-history,Critics of America's support for Israel cannot escape history,
3,03/04/19 02:30 PM EST,https://thehill.com/opinion/civil-rights/432493-identifying-the-roots-of-anti-semitisms-disturbing-reemergence,What's behind the disturbing reemergence of anti-Semitism?,
4,03/04/19 10:00 AM EST,https://thehill.com/opinion/white-house/432436-as-collusion-case-collapses-democrats-seek-obstruction,"As collusion case collapses, Democrats seek obstruction",
5,03/01/19 06:00 PM EST,https://thehill.com/opinion/white-house/432275-will-trump-risk-war-to-save-his-presidency,Will Trump risk war to save his presidency?,
6,02/27/19 12:00 PM EST,https://thehill.com/opinion/campaign/431804-robby-mook-is-one-person-to-thank-if-house-democrats-keep-the-majority,Robby Mook is one person to thank if House Democrats keep the majority,
7,02/26/19 02:00 PM EST,https://thehill.com/opinion/judiciary/431627-can-lindsey-graham-take-the-politics-out-of-judicial-battles,Can Lindsey Graham take the politics out of judicial battles?,
8,02/26/19 10:00 AM EST,https://thehill.com/opinion/white-house/431557-the-case-for-nationalism,The case for nationalism,
9,02/25/19 06:00 PM EST,https://thehill.com/opinion/campaign/431477-jussie-smollett-hoax-unveils-clear-double-standard-for-liberal-media,Jussie Smollett hoax unveils clear double standard for liberal media,
10,02/24/19 12:00 PM EST,https://thehill.com/opinion/campaign/431315-and-the-award-for-best-political-commentary-by-an-oscar-nominee-goes-to,'And the award for best political commentary by an Oscar nominee goes to...',
11,02/22/19 07:00 PM EST,https://thehill.com/opinion/campaign/431221-can-progressives-govern,Can progressives govern?,
12,02/22/19 12:00 PM EST,https://thehill.com/opinion/international/431118-a-roadmap-for-us-support-to-drc-and-other-budding-african-democracies,A roadmap for the US in DRC and other budding African democracies,
13,02/21/19 04:00 PM EST,https://thehill.com/opinion/white-house/430977-lara-logan-is-right-about-media-bias,Lara Logan is right about media bias,
14,02/20/19 06:00 PM EST,https://thehill.com/opinion/campaign/430844-howard-schultz-must-run-as-a-democrat-for-chance-in-2020,Howard Schultz must run as a Democrat for chance in 2020,
0,02/20/19 02:00 PM EST,https://thehill.com/opinion/campaign/430783-pat-caddell-leaves-an-indelible-mark-on-the-american-political-landscape,Pat Caddell leaves an indelible mark on the American political landscape,
1,02/18/19 12:00 PM EST,https://thehill.com/opinion/finance/430463-end-the-cannabis-banking-problem,End the cannabis banking problem,
2,02/12/19 07:00 PM EST,https://thehill.com/opinion/civil-rights/429700-clarence-thomas-has-had-a-lasting-impact-on-black-history-in-america,Clarence Thomas has had a lasting impact on black history in America,
3,02/12/19 04:00 PM EST,https://thehill.com/opinion/energy-environment/429652-green-new-deal-is-good-economics,Green New Deal is good economics,
4,02/11/19 06:00 PM EST,https://thehill.com/opinion/judiciary/429478-does-innocent-until-proven-guilty-mean-anything-in-public-opinion,Does innocent until proven guilty mean anything in public opinion?,
5,02/09/19 10:00 AM EST,https://thehill.com/opinion/campaign/429250-claims-to-be-american-indian-haunt-elizabeth-warren-in-bid-for-president,Claims to be 'American Indian' haunt Elizabeth Warren in bid for president,
6,02/07/19 01:34 PM EST,https://thehill.com/hilltv/what-americas-thinking/428973-conservative-adviser-says-politics-has-done-a-disservice-to-the,Conservative adviser says immigration almost 'weaponized' by both sides in political discourse,
7,02/06/19 10:00 AM EST,https://thehill.com/opinion/white-house/428698-a-tale-of-two-trumps,A tale of two Trumps,
8,02/03/19 11:30 AM EST,https://thehill.com/opinion/campaign/428232-progressives-pulling-a-bait-and-switch-with-medicare-for-all,Progressives pulling a bait-and-switch with 'Medicare for All',
9,02/01/19 04:00 PM EST,https://thehill.com/opinion/finance/428098-federal-reserve-faces-dilemma-after-the-pleasantly-surprising-jobs-report,Federal Reserve faces dilemma after the pleasantly surprising jobs report,
10,01/28/19 09:00 AM EST,https://thehill.com/opinion/campaign/426711-5-criteria-for-hiring-americas-next-chief-executive,5 criteria for hiring America’s next chief executive,
11,01/27/19 04:00 PM EST,https://thehill.com/opinion/international/427122-venezuelans-must-lead-in-building-an-off-ramp-for-maduro,Venezuelans must lead in building an off-ramp for Maduro,
12,01/26/19 12:00 PM EST,https://thehill.com/opinion/campaign/427096-what-actually-happens-when-ads-are-pulled-over-political-controversy,What actually happens when ads are pulled over political controversy,
13,01/26/19 09:00 AM EST,https://thehill.com/opinion/white-house/426989-a-single-dispute-shouldnt-be-an-existential-threat-to-our-government,Shutdown may have permanently damaged future of public service,
14,01/26/19 08:00 AM EST,https://thehill.com/opinion/campaign/426494-get-over-it-we-need-to-practice-goodwill-in-politics,Get over it — we need to practice goodwill in politics,
15,01/24/19 04:15 PM EST,https://thehill.com/opinion/international/426849-venezuelas-curse-is-nearing-his-end,Venezuela's curse is nearing his end,
0,01/23/19 03:00 PM EST,https://thehill.com/opinion/campaign/426562-latino-support-for-trump-on-the-rise-not-so-fast,Latino support for Trump on the rise? Not so fast,
1,01/23/19 01:45 PM EST,https://thehill.com/homenews/house/426641-cohen-postpones-testimony-citing-threats-from-trump,"Cohen postpones testimony, citing threats from Trump",
2,01/23/19 01:09 PM EST,https://thehill.com/latino/426634-us-recognizes-venezuelan-opposition-leader-as-interim-president,US recognizes Venezuelan opposition leader as interim president,
3,01/23/19 12:00 PM EST,https://thehill.com/opinion/white-house/426572-the-strange-journey-of-rudy-giuliani,The strange journey of Rudy Giuliani,
4,01/23/19 07:00 AM EST,https://thehill.com/opinion/finance/426460-congress-may-have-untapped-new-tool-to-protect-consumers,Congress may have untapped a new tool to protect consumers,
5,01/21/19 12:00 PM EST,https://thehill.com/opinion/campaign/426288-only-a-matter-of-time-before-the-social-media-mob-comes-for-you,Only a matter of time before the social media mob comes for you,
6,01/16/19 05:00 PM EST,https://thehill.com/opinion/white-house/425550-response-to-presidents-address-came-from-poster-children-for-term-limits,Response to president’s address came from poster children for term limits,
7,01/14/19 09:00 AM EST,https://thehill.com/opinion/judiciary/425160-dershowitz-should-mueller-report-comment-on-noncriminal-conduct,Dershowitz: Should Mueller report comment on noncriminal conduct?,
8,01/13/19 12:00 PM EST,https://thehill.com/opinion/international/425093-cuban-baseball-players-showcase-different-need-for-immigration-fix,Cuban baseball players showcase different need for immigration fix,
9,01/12/19 10:00 AM EST,https://thehill.com/opinion/judiciary/425033-witch-hunt-or-mole-hunt-times-bombshell-blows-up-all-theories,Witch hunt or mole hunt? Times bombshell blows up all theories,
10,01/11/19 12:00 PM EST,https://thehill.com/opinion/campaign/424906-time-to-build-the-republican-party-back-into-what-americans-deserve,Time to build the Republican Party back into what Americans deserve,
11,01/11/19 11:00 AM EST,https://thehill.com/opinion/finance/424894-south-korea-president-faces-toughest-opponent-yet-his-own-economy,South Korea president faces his toughest opponent yet: His own economy,
12,01/10/19 04:00 PM EST,https://thehill.com/opinion/civil-rights/424789-can-citizens-trust-government-if-falsehoods-are-part-of-the-story,Can citizens trust government if falsehoods are part of the story?,
13,01/10/19 03:00 PM EST,https://thehill.com/opinion/campaign/424752-where-is-our-political-turmoil-headed-look-to-bolivia,Where is our political turmoil headed? Look to Bolivia.,
14,01/10/19 01:30 PM EST,https://thehill.com/opinion/white-house/424719-shutdown-showdown-or-shakedown,"Shutdown, showdown or shakedown?",
15,01/07/19 06:00 PM EST,https://thehill.com/opinion/white-house/424212-democrats-will-unwittingly-move-donald-trump-to-greater-success,Democrats will unwittingly move Donald Trump to greater success,
0,01/02/19 10:00 AM EST,https://thehill.com/opinion/national-security/423473-trumps-just-not-that-into-kim,Trump's just not that into Kim,
1,01/01/19 08:00 AM EST,https://thehill.com/opinion/judiciary/423366-alan-dershowitz-what-will-the-new-year-bring-for-mueller-and-trump,Alan Dershowitz: What will the new year bring for Mueller and Trump?,
2,12/31/18 12:00 PM EST,https://thehill.com/opinion/white-house/423316-how-the-final-weeks-of-2018-will-shape-american-politics-in-2019,How the final weeks of 2018 will shape American politics in 2019,
3,12/28/18 02:00 PM EST,https://thehill.com/opinion/finance/423039-congress-could-raise-salaries-to-close-revolving-door-to-lobbying,Congress could raise salaries to close revolving door to lobbying,
4,12/21/18 11:00 AM EST,https://thehill.com/opinion/national-security/422438-farewell-to-gen-mattis-the-adult-in-the-room-and-in-dc,Farewell to Gen. Mattis: The adult in the room — and the entire city,
5,12/20/18 10:00 AM EST,https://thehill.com/opinion/white-house/422153-va-leadership-must-step-up-and-look-at-more-meaningful-reforms,VA leadership must step up and look at more meaningful reforms,
6,12/18/18 04:00 PM EST,https://thehill.com/opinion/campaign/421941-battle-over-north-carolina-voter-identification-law-moves-ahead,Battle over North Carolina voter identification law moves ahead,
7,12/17/18 02:00 PM EST,https://thehill.com/opinion/finance/421623-federal-reserve-must-not-raise-interest-rates-for-good-reasons,Federal Reserve must not raise interest rates for good reasons,
8,12/16/18 10:00 AM EST,https://thehill.com/opinion/international/421571-democrats-must-stand-up-for-israel,Democrats must stand up for Israel,
9,12/13/18 06:00 PM EST,https://thehill.com/opinion/campaign/421309-will-congress-score-headlines-or-legislative-wins-in-next-session,Will Congress score headlines or legislative wins in next session?,
10,12/13/18 04:42 PM EST,https://thehill.com/hilltv/what-americas-thinking/421300-gop-pollster-says-us-is-in-a-death-spiral-in-terms-of-civility,GOP pollster says US civility in politics is in a 'death spiral',
11,12/13/18 11:00 AM EST,https://thehill.com/opinion/white-house/421047-trumps-last-chance-to-be-the-deal-maker-in-chief,Trump’s last chance to be the deal-maker in chief,
12,12/12/18 10:00 AM EST,https://thehill.com/opinion/white-house/420949-mania-at-1600-pennsylvania-avenue,Mania at 1600 Pennsylvania Avenue,
13,12/10/18 12:00 PM EST,https://thehill.com/opinion/education/420538-teacher-candidates-werent-that-distinctive-after-all,Teacher candidates weren’t that distinctive after all ,
14,12/10/18 09:00 AM EST,https://thehill.com/opinion/white-house/420433-muellers-findings-dont-matter,Mueller's findings don't matter,
15,12/09/18 10:00 AM EST,https://thehill.com/opinion/white-house/420432-trump-needs-political-white-house-chief-of-staff-with-eyes-set-on-2020,Trump needs political White House chief of staff with eyes set on 2020,
0,12/08/18 04:00 PM EST,https://thehill.com/opinion/international/420266-trump-to-help-impoverished-nations-educate-their-children,Trump to help impoverished nations educate their children,
1,12/06/18 10:30 AM EST,https://thehill.com/opinion/white-house/419822-cia-climate-scientists-and-mueller-all-show-limits-of-trumps-authority,"CIA, climate scientists, and Mueller all show limits of Trump’s authority",
2,12/06/18 10:00 AM EST,https://thehill.com/opinion/campaign/420013-bill-de-blasio-shows-why-socialistic-impulses-are-not-made-for-america,Bill de Blasio shows why socialistic impulses are not made for America,
3,12/05/18 12:00 PM EST,https://thehill.com/opinion/campaign/419839-how-republicans-can-win-back-suburban-vote-in-next-election,How Republicans can win back suburban vote in next election,
4,12/04/18 07:00 AM EST,https://thehill.com/opinion/campaign/419533-a-simple-fix-for-gerrymandering,A simple fix for gerrymandering,
5,12/02/18 05:00 PM EST,https://thehill.com/opinion/campaign/419308-2018-midterm-election-a-blue-wave-or-merely-an-electoral-adjustment-into-a,2018 midterms: A blue wave or merely an electoral adjustment into a new presidency?,
6,11/30/18 12:00 PM EST,https://thehill.com/opinion/finance/419090-us-starting-to-realize-its-in-an-economic-cold-war-with-china,US starting to realize it's in an economic cold war with China,
7,11/28/18 01:30 PM EST,https://thehill.com/opinion/white-house/418673-manafort-pardon-would-be-impeachable-indictable-and-convictable,"Manafort pardon would be impeachable, indictable and convictable",
8,11/26/18 04:00 PM EST,https://thehill.com/opinion/finance/418298-donald-trump-will-keep-our-american-economy-strong,Donald Trump will keep our American economy strong,
9,11/26/18 01:30 PM EST,https://thehill.com/opinion/campaign/418206-midterms-show-moderates-are-far-from-politically-extinct,Midterms show moderates are far from being politically extinct,
10,11/26/18 12:00 PM EST,https://thehill.com/opinion/white-house/418237-lewinsky-interview-renews-questions-of-clinton-crimes,Lewinsky interview renews questions of Clinton crimes,
11,11/26/18 10:00 AM EST,https://thehill.com/opinion/campaign/418205-democrats-made-history-this-year,Democrats made history this year,
12,11/21/18 02:30 PM EST,https://thehill.com/opinion/finance/417813-the-ball-is-in-chinas-court-ahead-of-big-trump-xi-meeting,The ball is in China's court ahead of big Trump-Xi meeting,
13,11/20/18 02:00 PM EST,https://thehill.com/opinion/finance/417507-uk-italy-and-china-are-the-3-big-economic-powder-kegs,"UK, Italy and China are 3 big economic powder kegs",
14,11/17/18 05:00 PM EST,https://thehill.com/opinion/campaign/417187-my-fellow-democrats-should-watch-their-language-economic-equality-is-not-a,My fellow Democrats should watch their language: Economic equality is not a rational societal goal,
0,11/17/18 10:00 AM EST,https://thehill.com/opinion/judiciary/417250-mueller-could-turn-easy-trump-answers-into-difficult-situation,Mueller could turn easy Trump answers into difficult situation,
1,11/16/18 04:00 PM EST,https://thehill.com/opinion/campaign/417164-record-campaign-spending-for-election-is-good-for-democracy,Record campaign spending for election is good for democracy,
2,11/15/18 12:00 PM EST,https://thehill.com/opinion/campaign/416873-florida-has-chance-to-redeem-itself,Florida has chance to redeem itself,
3,11/15/18 09:35 AM EST,https://thehill.com/opinion/finance/416871-final-stage-of-mays-torturous-brexit-journey-lies-ahead,Final stage of May's torturous Brexit journey lies ahead,
4,11/15/18 08:30 AM EST,https://thehill.com/opinion/national-security/416344-debate-over-american-exceptionalism-is-over,Debate over American exceptionalism is over,
5,11/14/18 04:00 PM EST,https://thehill.com/opinion/white-house/416718-washington-politics-may-change-but-donald-trump-will-stay-same,"Washington politics may change, but Donald Trump will stay same",
6,11/14/18 08:30 AM EST,https://thehill.com/opinion/finance/416517-split-congress-portends-short-term-market-gains-long-term-pains,"Midterms and markets: Short-term gains, long-term pains",
7,11/13/18 12:00 PM EST,https://thehill.com/opinion/campaign/416415-house-republicans-need-history-lesson-in-battle-over-next-leader,House Republicans need history lesson in battle over next leader,
8,11/12/18 04:00 PM EST,https://thehill.com/opinion/immigration/416283-republicans-must-learn-from-the-election-mistake-on-immigration,Republicans must learn from the election mistake on immigration,
9,11/11/18 11:00 AM EST,https://thehill.com/opinion/white-house/415973-woodrow-wilson-the-bible-and-the-end-of-the-great-war,"Woodrow Wilson, the Bible, and the end of the Great War",
10,11/09/18 01:30 PM EST,https://thehill.com/opinion/national-security/415881-political-polarization-is-the-critical-threat-to-us-foreign-policy,"Political polarization the critical threat to US, foreign policy experts say",
11,11/09/18 10:00 AM EST,https://thehill.com/opinion/campaign/415896-setting-caps-on-political-spending-strikes-at-the-heart-of-free-speech,Setting caps on political spending strikes at the heart of free speech,
12,11/08/18 04:00 PM EST,https://thehill.com/opinion/civil-rights/415779-house-democrats-have-power-to-stop-mass-shootings-in-america,House Democrats have power to stop mass shootings in America,
13,11/08/18 12:30 PM EST,https://thehill.com/opinion/international/415698-partisan-rancor-undermines-our-ability-to-act-on-china,Partisan rancor undermines our ability to act on China,
14,11/07/18 10:00 AM EST,https://thehill.com/opinion/campaign/415471-5-ways-democrats-can-turn-the-house-win-into-future-success,5 ways Democrats can turn the House win into future success,
15,11/07/18 07:30 AM EST,https://thehill.com/opinion/civil-rights/415422-victimhood-culture-and-traditional-justice-are-on-a-collision-course,Victimhood culture and traditional justice are on a collision course,
0,11/06/18 09:34 AM EST,https://thehill.com/latino/415128-puerto-rico-opposition-leader-dead-at-48,Puerto Rico opposition leader dead at 48,
1,11/05/18 12:30 PM EST,https://thehill.com/opinion/campaign/414772-will-young-adults-turn-out-in-the-2018-midterms,Will young adults turn out in the 2018 midterms?,
2,11/05/18 12:00 PM EST,https://thehill.com/opinion/white-house/414927-donald-trump-needs-the-media-as-much-as-the-media-thrives-on-him,Donald Trump needs the media as much as the media thrives on him,
3,11/05/18 10:45 AM EST,https://thehill.com/opinion/campaign/414882-young-voters-could-lift-democrats-to-victory,Young voters can lift Democrats to victory,
4,11/04/18 01:00 PM EST,https://thehill.com/opinion/national-security/414222-an-era-of-violence-at-the-doorstep-of-america,An era of violence at the doorstep of America,
5,11/03/18 12:00 PM EDT,https://thehill.com/opinion/campaign/414697-spirit-of-political-reform-is-true-bipartisan-force-in-the-election,Spirit of political reform is true bipartisan force in the election,
6,11/03/18 10:00 AM EDT,https://thehill.com/opinion/civil-rights/414695-america-is-one-nation-under-god,America is one nation under God,
7,11/02/18 07:00 AM EDT,https://thehill.com/opinion/campaign/414139-how-freedom-dies-in-america,How freedom dies in America,
8,11/01/18 04:00 PM EDT,https://thehill.com/opinion/finance/414360-financial-transaction-tax-could-actually-ease-our-national-debt,Financial transaction tax could actually ease our national debt,
9,10/31/18 10:00 AM EDT,https://thehill.com/opinion/white-house/414019-hatred-is-a-human-impulse-that-trump-wields-as-a-political-tool,Hatred is a human impulse that Trump wields as a political tool,
10,10/30/18 04:00 PM EDT,https://thehill.com/opinion/civil-rights/413902-the-dead-shall-not-have-died-in-vain,The dead shall not have died in vain,
11,10/30/18 12:00 PM EDT,https://thehill.com/opinion/civil-rights/413813-cultural-appropriation-turns-halloween-into-a-nightmare,Cultural appropriation turns Halloween into a nightmare,
12,10/29/18 01:00 PM EDT,https://thehill.com/opinion/white-house/413559-the-two-faces-of-national-unity,The two faces of national unity,
13,10/28/18 10:00 AM EDT,https://thehill.com/opinion/campaign/413510-biggest-election-winner-polarization-in-america,Biggest election winner? Polarization in America,
14,10/25/18 12:00 PM EDT,https://thehill.com/opinion/campaign/413126-a-plea-to-our-leaders-tone-down-your-rhetoric-before-it-is-too-late,A plea to our leaders: Tone down your rhetoric before it is too late,
0,10/25/18 09:54 AM EDT,https://thehill.com/homenews/campaign-polls/413089-poll-dems-lead-republicans-by-7-points-on-generic-house-ballot,Poll: Dems have 7 point lead on generic House ballot,
1,10/24/18 05:30 PM EDT,https://thehill.com/opinion/campaign/413024-the-danger-of-one-party-rule-is-becoming-clear,The danger of one-party rule is becoming clear,
2,10/22/18 09:00 AM EDT,https://thehill.com/opinion/civil-rights/412490-census-citizenship-question-will-help-voting-rights-enforcement,Census citizenship question will help voting rights enforcement,
3,10/21/18 10:00 AM EDT,https://thehill.com/opinion/civil-rights/412422-in-midst-of-political-violence-america-greatly-needs-unity,"In midst of political violence, America greatly needs unity",
4,10/17/18 04:00 PM EDT,https://thehill.com/opinion/campaign/411911-republicans-should-prepare-for-nancy-pelosi-to-wield-the-gavel,Republicans should prepare for Nancy Pelosi to wield the gavel,
5,10/17/18 12:00 PM EDT,https://thehill.com/opinion/judiciary/411835-susan-collins-and-the-mob-mentality,Susan Collins and the mob mentality,
6,10/16/18 11:30 AM EDT,https://thehill.com/opinion/education/411242-teachers-keep-your-politics-on-kavanaugh-hearings-out-of-classroom,"Teachers, keep your politics on Kavanaugh hearings out of classroom",
7,10/13/18 09:00 AM EDT,https://thehill.com/opinion/campaign/411164-liberals-intensity-advantage-is-vanishing-ahead-of-the-midterms,Liberals' intensity advantage is vanishing ahead of the midterms,
8,10/11/18 04:00 PM EDT,https://thehill.com/opinion/campaign/410998-democrats-will-never-win-if-they-condone-all-this-raging-hostility,Democrats will never win if they condone all this raging hostility,
9,10/11/18 01:30 PM EDT,https://thehill.com/opinion/white-house/410939-trump-never-lets-facts-get-in-the-way-of-fear-mongering,Trump never lets facts get in the way of some good fear-mongering,
10,10/09/18 09:00 AM EDT,https://thehill.com/opinion/judiciary/410466-supreme-court-women-will-heal-justice-kavanaugh-and-country,Supreme Court women will heal Justice Kavanaugh and country,
11,10/04/18 04:00 PM EDT,https://thehill.com/opinion/white-house/409921-american-statesmanship-is-not-dead,American statesmanship is not dead,
12,10/03/18 02:00 PM EDT,https://thehill.com/opinion/international/409633-fighting-for-human-rights-makes-both-moral-and-business-sense,Fighting for human rights makes both moral and business sense,
13,09/30/18 10:00 PM EDT,https://thehill.com/opinion/judiciary/409167-kavanaugh-polling-fbi-on-the-hot-seat,Kavanaugh polling: FBI on the hot seat,
14,09/29/18 08:00 AM EDT,https://thehill.com/opinion/finance/408951-socialism-lies-in-the-land-of-make-believe-with-unicorns-and-leprechauns,Socialism lies in the 'Land of Make Believe' with unicorns and fairies,
15,09/25/18 08:30 AM EDT,https://thehill.com/opinion/finance/408157-uns-private-sector-phobia-prevents-it-from-hitting-lofty-goals,UN's private-sector phobia prevents it from hitting its lofty goals,
0,09/24/18 02:30 PM EDT,https://thehill.com/opinion/international/408079-40-years-later-trump-can-learn-from-camp-david-accords,"40 years later, Camp David Accords hold many lessons for Trump",
1,09/24/18 10:00 AM EDT,https://thehill.com/opinion/campaign/408063-why-arent-liberals-fun-anymore,Why aren't liberals fun anymore?,
2,09/12/18 09:15 AM EDT,https://thehill.com/opinion/civil-rights/406096-us-joins-ranks-of-middle-east-with-fierce-identity-politics,National identity crisis makes the US more like the Middle East,
3,09/11/18 09:30 AM EDT,https://thehill.com/opinion/white-house/405948-opposition-to-the-president-is-not-treason,Opposition to the president is not treason,
4,09/10/18 03:30 PM EDT,https://thehill.com/opinion/international/405879-nationalists-announce-their-arrival-in-swedish-election,Election verifies the rise of Swedish nationalists,
5,09/10/18 09:00 AM EDT,https://thehill.com/opinion/white-house/405830-democracy-is-alive-in-trump-era,Democracy is alive in Trump era,
6,09/08/18 10:00 AM EDT,https://thehill.com/opinion/judiciary/405685-the-spartacus-moment-in-senate-fuels-troubling-trend-of-theatrics,The Spartacus moment in Senate fuels troubling trend of theatrics,
7,09/07/18 10:15 AM EDT,https://thehill.com/opinion/campaign/405426-making-partisan-gerrymandering-fair,Making partisan gerrymandering fair,
8,09/07/18 09:15 AM EDT,https://thehill.com/opinion/white-house/405521-white-house-in-chaos-whats-new,White House in chaos — what's new?,
9,09/07/18 09:00 AM EDT,https://thehill.com/opinion/civil-rights/405520-why-did-clinton-share-the-stage-with-farrakhan,Why did Clinton share the stage with Farrakhan?,
10,09/06/18 12:30 PM EDT,https://thehill.com/opinion/campaign/404900-impending-battle-of-the-bases-will-make-governing-afterward-difficult-no,Impending ‘Battle of the Bases’ will make governing afterward difficult — no matter who wins,
11,09/06/18 12:00 PM EDT,https://thehill.com/opinion/campaign/405346-how-to-make-election-predictions-in-sea-of-american-political-discontent,How to make election predictions in sea of American political discontent,
12,09/02/18 10:00 AM EDT,https://thehill.com/opinion/campaign/404733-mueller-probe-blows-election-headwinds-into-republicans,Mueller probe blows election headwinds into Republicans,
13,09/01/18 10:00 AM EDT,https://thehill.com/opinion/judiciary/404670-brett-kavanaugh-will-bring-middle-principles-to-our-polarized-nation,Brett Kavanaugh will bring middle principles to our polarized nation,
14,08/30/18 03:00 PM EDT,https://thehill.com/opinion/finance/404418-will-stock-market-launch-republicans-to-victory,Will stock market launch Republicans to victory?,
0,08/29/18 02:30 PM EDT,https://thehill.com/opinion/finance/404201-the-global-bear-market-that-economists-fear-has-certainly-come-closer,The global bear market that economists fear has certainly come closer,
1,08/29/18 02:00 PM EDT,https://thehill.com/opinion/finance/404185-markets-giddy-over-impending-return-of-laissez-faire-to-north-america,Markets giddy over a return to laissez-faire in North America,
2,08/29/18 11:00 AM EDT,https://thehill.com/opinion/white-house/403136-up-is-down-and-down-is-up-the-new-political-vocabulary,Up is down and down is up: The new political vocabulary,
3,08/28/18 07:00 PM EDT,https://thehill.com/opinion/judiciary/404073-lanny-davis-is-more-proof-2018-is-year-of-lawyers-living-dangerously,Lanny Davis is more proof 2018 is year of lawyers living dangerously,
4,08/28/18 03:00 PM EDT,https://thehill.com/opinion/white-house/403914-the-danger-of-troubled-presidents-and-foreign-distractions,The danger of troubled presidents and foreign distractions,
5,08/28/18 01:30 PM EDT,https://thehill.com/opinion/international/403913-trumps-south-africa-tweet-is-false-counterproductive-and-dangerous,"Trump's South Africa tweet is false, counterproductive and dangerous",
6,08/22/18 10:30 AM EDT,https://thehill.com/opinion/white-house/402891-former-cia-directors-just-politicized-the-intelligence-community,Former CIA directors just politicized the intelligence community,
7,08/22/18 10:15 AM EDT,https://thehill.com/opinion/white-house/402994-after-trumps-black-tuesday-pardons-would-doom-him,"After Trump's 'Black Tuesday,' pardons would doom him",
8,08/22/18 10:00 AM EDT,https://thehill.com/opinion/campaign/402987-joe-biden-is-best-hope-for-democratic-party-in-2020,Joe Biden is best hope for Democratic Party in 2020,
9,08/20/18 06:00 PM EDT,https://thehill.com/opinion/civil-rights/402693-as-cuba-proposes-new-constitution-government-must-support-economy,"As Cuba proposes new constitution, government must support economy",
10,08/20/18 12:30 PM EDT,https://thehill.com/opinion/campaign/402641-how-can-dems-ensure-a-blue-wave-the-answer-is-in-their-name,How can Dems ensure a blue wave? The answer is in their name,
11,08/19/18 12:00 PM EDT,https://thehill.com/opinion/campaign/402534-democrats-should-trade-in-identity-politics-for-more-inclusive-policies,Democrats should trade in identity politics for more inclusive policies,
12,08/19/18 10:30 AM EDT,https://thehill.com/opinion/cybersecurity/402458-election-officials-have-plenty-to-learn-from-hackers,Election officials have plenty to learn from hackers,
13,08/17/18 12:00 PM EDT,https://thehill.com/opinion/campaign/402323-why-do-democrats-love-socialism,Why do Democrats love socialism?,
14,08/15/18 04:00 PM EDT,https://thehill.com/opinion/national-security/401960-north-korea-gets-by-with-a-little-help-from-its-friends-russia-and,North Korea gets by with a little help from its friends: Russia and China,
15,08/15/18 12:00 PM EDT,https://thehill.com/opinion/white-house/401945-will-white-house-press-briefings-return-to-what-they-used-to-be,Will White House press briefings return to what they used to be?,
0,08/13/18 07:00 PM EDT,https://thehill.com/opinion/white-house/401659-why-political-scientists-arent-writing-about-russian-hackers,Why political scientists aren’t writing about Russian hackers,
1,08/13/18 10:00 AM EDT,https://thehill.com/opinion/judiciary/401521-dangers-to-the-first-amendment-if-foreign-campaign-dirt-is-criminal,Dangers to the First Amendment if foreign campaign dirt is criminal,
2,08/12/18 09:15 PM EDT,https://thehill.com/opinion/campaign/401500-another-norm-bites-the-dust,Another norm bites the dust?,
3,08/11/18 03:00 PM EDT,https://thehill.com/opinion/international/401370-the-key-for-exims-future-lies-in-accountability,The key for EXIM's future lies in accountability,
4,08/11/18 12:00 PM EDT,https://thehill.com/opinion/white-house/401389-how-do-presidents-impact-party-success-during-primary-season,How do presidents impact party success during primary season?,
5,08/11/18 10:00 AM EDT,https://thehill.com/opinion/campaign/401378-republicans-and-democrats-alike-face-troubling-signals-from-voters,Republicans and Democrats alike face troubling signals from voters,
6,08/10/18 02:00 PM EDT,https://thehill.com/opinion/national-security/401278-when-will-congress-put-politics-aside-and-secure-our-elections,When will Congress put politics aside and secure our elections?,
7,08/10/18 10:00 AM EDT,https://thehill.com/opinion/white-house/401200-hollywood-agenda-to-blacklist-trump-is-beyond-hypocritical,Hollywood agenda to blacklist Trump is beyond hypocritical,
8,08/09/18 10:00 AM EDT,https://thehill.com/opinion/campaign/401056-republicans-win-elections-by-restoring-faith-of-americans,Republicans win elections by restoring faith of Americans,
9,08/07/18 11:00 AM EDT,https://thehill.com/opinion/white-house/400625-treason-the-new-party-game-that-everyone-is-playing,Treason! The new party game that everyone is playing,
10,08/06/18 10:30 AM EDT,https://thehill.com/opinion/finance/400518-investors-will-likely-meet-muellers-findings-with-a-yawn,Investors to likely greet Mueller's findings with a yawn,
11,08/05/18 12:00 PM EDT,https://thehill.com/opinion/civil-rights/400360-how-ron-dellums-helped-to-launch-south-africas-black-political-parties,How Ron Dellums helped to launch South Africa’s black political parties,
12,08/03/18 07:00 AM EDT,https://thehill.com/opinion/civil-rights/399781-a-dying-tree-in-england-labour-party-is-on-verge-of-uprooting-jewish,"A dying tree in England: Labour Party is on verge of uprooting Jewish legitimacy, safety",
13,08/01/18 11:00 AM EDT,https://thehill.com/opinion/white-house/399844-george-will-koch-brothers-and-conservatives-in-crisis,"George Will, the Koch brothers and conservatives in crisis",
14,07/30/18 03:00 PM EDT,https://thehill.com/opinion/campaign/399530-states-are-preparing-for-midterm-cyber-threats,States are diligently preparing for midterm cyber threats,
15,07/30/18 11:45 AM EDT,https://thehill.com/opinion/national-security/399491-test-kims-intentions-to-find-out-if-this-time-is-different,Test Kim's intentions to find out if this time is different,
0,07/03/18 05:00 PM EDT,https://thehill.com/opinion/campaign/395391-congress-can-protect-midterm-elections-with-the-disclose-act,Congress can protect midterm elections with the Disclose Act,
1,07/03/18 12:00 PM EDT,https://thehill.com/opinion/white-house/395363-donald-trump-is-truly-an-independent-president,Donald Trump is truly an independent president,
2,07/02/18 10:00 AM EDT,https://thehill.com/opinion/white-house/394638-a-new-compact-for-the-fourth-of-july,A new compact for the Fourth of July,
3,07/01/18 10:00 AM EDT,https://thehill.com/opinion/national-security/394641-why-theres-little-hope-for-success-from-trump-putin-summit,Why there’s little hope for success from Trump-Putin summit,
4,06/28/18 05:00 PM EDT,https://thehill.com/opinion/campaign/394682-recapturing-the-center-in-american-politics,Recapturing the center in American politics,
5,06/28/18 12:00 PM EDT,https://thehill.com/opinion/civil-rights/394631-restoring-american-democracy-a-challenge-that-is-within-our-reach,Restoring American democracy a challenge that is within our reach,
6,06/26/18 12:00 PM EDT,https://thehill.com/opinion/judiciary/394173-supreme-court-hands-trump-predictable-win-on-travel-ban,Supreme Court hands Trump predictable win on travel ban,
7,06/26/18 09:00 AM EDT,https://thehill.com/opinion/judiciary/394117-prepare-to-be-disappointed-with-russia-investigation-conclusion,Prepare to be disappointed with Russia investigation conclusion,
8,06/26/18 08:00 AM EDT,https://thehill.com/opinion/white-house/394102-why-the-red-hen-incident-so-troubles-us,Why the Red Hen incident so troubles us as Americans,
9,06/25/18 10:40 AM EDT,https://thehill.com/opinion/white-house/393937-Sarah-Sanders-Red-Hen-moment-shows-mob-medias-mentality,"Sarah Sanders’s Red Hen moment shows mob, media mentality",
10,06/24/18 12:00 PM EDT,https://thehill.com/opinion/white-house/393831-waiting-for-a-murrow-moment,Waiting for a Murrow moment,
11,06/24/18 10:00 AM EDT,https://thehill.com/opinion/immigration/393814-democrats-cannot-afford-to-play-hardball-on-immigration-reform,Democrats cannot afford to play hardball on immigration reform,
12,06/22/18 09:00 AM EDT,https://thehill.com/opinion/civil-rights/393599-in-memory-of-charles-krauthammer-an-american-genius-and-dear-friend,"In memory of Charles Krauthammer, an American genius and dear friend",
13,06/22/18 08:30 AM EDT,https://thehill.com/opinion/judiciary/393591-with-supreme-court-punted-on-gerrymandering-states-must-act-now,"With Supreme Court punting on gerrymandering, states must act",
14,06/21/18 04:30 PM EDT,https://thehill.com/opinion/judiciary/393509-leave-electoral-fairness-questions-to-the-voters-not-the-courts,"Leave electoral fairness questions to the voters, not the courts",
15,06/19/18 04:30 PM EDT,https://thehill.com/opinion/national-security/392824-ignore-the-naysayers-trying-to-disrupt-us-diplomacy-with-north,Ignore the naysayers trying to disrupt US diplomacy with North Korea,
0,06/13/18 08:22 AM EDT,https://thehill.com/hilltv/rising/392011-buck-sexton-goes-to-the-hill-to-talk-to-texas-sen-ted-cruz,HillTV's Buck Sexton speaks with Texas Sen. Ted Cruz,
0,04/25/18 08:00 AM EDT,https://thehill.com/opinion/national-security/384724-kims-concessions-seem-too-good-to-be-true-they-likely-are,Kim's concessions seem too good to be true; they may be just that,
1,04/23/18 04:00 PM EDT,https://thehill.com/opinion/civil-rights/384465-the-writing-is-on-the-wall-for-bump-stocks-and-congress-should-finalize,The writing is on the wall for bump stocks and Congress should finalize it,
2,04/23/18 07:00 AM EDT,https://thehill.com/opinion/white-house/384368-2018-elections-will-be-nationwide-referendum-on-president-trump,2018 elections will be nationwide referendum on President Trump,
3,04/22/18 09:30 AM EDT,https://thehill.com/opinion/civil-rights/384277-gun-reformers-must-meet-nra-on-real-battlefield-state-capitols,Gun reformers must meet NRA at real battleground: state capitols,
4,04/21/18 10:00 AM EDT,https://thehill.com/opinion/judiciary/384257-ethical-james-comey-under-investigation-for-unethical-acts,'Ethical' James Comey is under investigation for unethical acts,
5,04/21/18 09:30 AM EDT,https://thehill.com/opinion/white-house/384252-desire-to-get-trump-risks-death-of-civil-liberties,Desire to 'get Trump' risks death of civil liberties,
6,04/20/18 07:15 AM EDT,https://thehill.com/opinion/campaign/384077-a-jim-jordan-speakership-could-save-2018-for-republicans,A Jim Jordan Speakership could save 2018 for Republicans,
7,04/19/18 02:51 PM EDT,https://thehill.com/homenews/administration/383985-justice-dept-lawyer-says-manafort-may-have-served-as-back-channel-to,Justice Dept lawyer says Manafort may have served as 'back channel' to Russia: report,
8,04/19/18 01:45 PM EDT,https://thehill.com/opinion/campaign/383944-preparing-for-midterms-biggest-threat-to-dems-is-within-their-own-party,Preparing for midterms — biggest threat to Dems is within their own party,
